{
  "total_cves_in_backlog": 500,
  "ground_truth_count": 4,
  "ground_truth_ids": [
    "CVE-2024-0012",
    "CVE-2024-21287",
    "CVE-2024-50302",
    "CVE-2024-9474"
  ],
  "metrics": {
    "ARIA": {
      "recall@5": 1.0,
      "recall@10": 1.0,
      "recall@20": 1.0,
      "recall@50": 1.0,
      "mrr": 0.5208333333333334,
      "avg_rank": 2.5
    },
    "CVSS-only": {
      "recall@5": 0.0,
      "recall@10": 0.0,
      "recall@20": 0.25,
      "recall@50": 0.25,
      "mrr": 0.026100479979790325,
      "avg_rank": 122.0
    },
    "EPSS-only": {
      "recall@5": 0.5,
      "recall@10": 0.75,
      "recall@20": 0.75,
      "recall@50": 0.75,
      "mrr": 0.41041666666666665,
      "avg_rank": 17.75
    }
  },
  "improvement_recall_10": Infinity,
  "improvement_mrr": 19.95,
  "random_baseline_recall_10": 0.02,
  "ranking_details": [
    {
      "cve_id": "CVE-2024-0012",
      "cvss": 9.8,
      "epss": 0.94285,
      "aria_rank": 2,
      "cvss_rank": 12
    },
    {
      "cve_id": "CVE-2024-21287",
      "cvss": 7.5,
      "epss": 0.69826,
      "aria_rank": 1,
      "cvss_rank": 104
    },
    {
      "cve_id": "CVE-2024-50302",
      "cvss": 5.5,
      "epss": 0.01318,
      "aria_rank": 4,
      "cvss_rank": 232
    },
    {
      "cve_id": "CVE-2024-9474",
      "cvss": 7.2,
      "epss": 0.94184,
      "aria_rank": 3,
      "cvss_rank": 140
    }
  ]
}